Workbook

Sheet vlookup
A1: empid | B1: empname | C1: salary | D1: concatinate
A2: 11 | B2: Alice | C2: 20000 | D2: =CONCATENATE(Table1[[#This Row],[empname]],"-",C2) -> Alice-20000
A3: 12 | B3: bob | C3: 40000 | D3: =CONCATENATE(Table1[[#This Row],[empname]],"-",C3) -> bob-40000
A4: 13 | B4: dodo | C4: 23000 | D4: =CONCATENATE(Table1[[#This Row],[empname]],"-",C4) -> dodo-23000
A5: 14 | B5: john | C5: 30000 | D5: =CONCATENATE(Table1[[#This Row],[empname]],"-",C5) -> john-30000
A6: 15 | B6: nick | C6: 87000 | D6: =CONCATENATE(Table1[[#This Row],[empname]],"-",C6) -> nick-87000
A7: 16 | B7: smith | C7: 23000 | D7: =CONCATENATE(Table1[[#This Row],[empname]],"-",C7) -> smith-23000
A8: 17 | B8: boby | C8: 14000 | D8: =CONCATENATE(Table1[[#This Row],[empname]],"-",C8) -> boby-14000

Sheet Sheet2
A1: empid | B1: salary
A2: 11 | B2: =VLOOKUP(A2,vlookup!A1:C7,3,FALSE) -> 20000
A3: 12 | B3: =VLOOKUP(A3,vlookup!A2:C8,3,FALSE) -> 40000
A4: 13 | B4: =VLOOKUP(A4,vlookup!A3:C9,3,FALSE) -> 23000
A5: 14 | B5: =VLOOKUP(A5,vlookup!A4:C10,3,FALSE) -> 30000
A6: 15 | B6: =VLOOKUP(A6,vlookup!A5:C11,3,FALSE) -> 87000
A7: 16 | B7: =VLOOKUP(A7,vlookup!A6:C12,3,FALSE) -> 23000
A8: 17 | B8: =VLOOKUP(A8,vlookup!A7:C13,3,FALSE) -> 14000

Sheet hlookup
A1: empid | B1: 10 | C1: 11 | D1: 12 | E1: 13 | F1: 14
A2: name | B2: A | C2: B | D2: C | E2: D | F2: E
A3: salary | B3: 10000 | C3: 20000 | D3: 24000 | E3: 34000 | F3: 23400

Sheet Sheet4
A1: empid | B1: 10 | C1: 11 | D1: 12 | E1: 13 | F1: 14
A2: salary | B2: =HLOOKUP(B1,hlookup!1:3,3,FALSE) -> 10000 | C2: =HLOOKUP(C1,hlookup!1:3,3,FALSE) -> 20000 | D2: =HLOOKUP(D1,hlookup!1:3,3,FALSE) -> 24000 | E2: =HLOOKUP(E1,hlookup!1:3,3,FALSE) -> 34000 | F2: =HLOOKUP(F1,hlookup!1:3,3,FALSE) -> 23400

Sheet data validation
A1: id | B1: name | C1: date | D1: salary | E1: left character | F1: right charater | G1: mid character
A2: 10 | B2: asmita | C2: 45748 | D2: 12000.84 | E2: =LEFT(B2,2) -> as | F2: =RIGHT(B2,2) -> ta | G2: =MID(B2,3,2) -> mi
A3: 20 | B3: ankiita | C3: 45883 | D3: 43300.78 | E3: =LEFT(B3,2) -> an | F3: =RIGHT(B3,2) -> ta | G3: =MID(B3,3,2) -> ki
A4: 30 | B4: prashant | C4: 45847 | D4: 50000.77 | E4: =LEFT(B4,2) -> pr | F4: =RIGHT(B4,2) -> nt | G4: =MID(B4,3,2) -> as
A5: 40 | B5: sakshi | C5: 45953 | D5: 34600.7 | E5: =LEFT(B5,2) -> sa | F5: =RIGHT(B5,2) -> hi | G5: =MID(B5,3,2) -> ks
A6: 50 | B6: koyal | C6: 45973 | D6: 31600.7 | E6: =LEFT(B6,2) -> ko | F6: =RIGHT(B6,2) -> al | G6: =MID(B6,3,2) -> ya
A7: 45 | B7: prachi | C7: 45778 | D7: 45000.47 | E7: =LEFT(B7,2) -> pr | F7: =RIGHT(B7,2) -> hi | G7: =MID(B7,3,2) -> ac
